{
  "$schema": "https://schema.management.azure.com/schemas/2015-01-01/deploymentTemplate.json#",
  "contentVersion": "1.0.0.0",
  "parameters": {
    "igorstoreType": {
      "type": "string",
      "defaultValue": "Standard_RAGRS",
      "allowedValues": [
        "Standard_LRS",
        "Standard_RAGRS"
      ]
    }
  },
  "variables": {
    "igorstoreName": "[concat('igorstore', uniqueString(resourceGroup().id))]"
  },
  "resources": [
    {
      "name": "[variables('igorstoreName')]",
      "type": "Microsoft.Storage/storageAccounts",
      "location": "[resourceGroup().location]",
      "apiVersion": "2016-01-01",
      "sku": {
        "name": "[parameters('igorstoreType')]"
      },
      "dependsOn": [],
      "tags": {
        "displayName": "igorstore"
      },
      "kind": "Storage"
    }
  ]
}
