{
  "$schema": "https://schema.management.azure.com/schemas/2015-01-01/deploymentTemplate.json#",
  "contentVersion": "1.0.0.0",
  "parameters": {
    "hostingplanName": {
      "type": "string",
      "minLength": 1,
      "defaultValue": "mainhostingplan"
    },
    "hostingplanSkuName": {
      "type": "string",
      "defaultValue": "B1",
      "allowedValues": [
        "F1",
        "D1",
        "B1",
        "B2",
        "B3",
        "S1",
        "S2",
        "S3",
        "P1",
        "P2",
        "P3",
        "P4"
      ],
      "metadata": {
        "description": "Describes plan's pricing tier and capacity. Check details at https://azure.microsoft.com/en-us/pricing/details/app-service/"
      }
    },
    "webappName": {
      "type": "string",
      "minLength": 3,
      "defaultValue": "igorwebapp"
    }
  },
  "resources": [
    {
      "name": "[parameters('hostingplanName')]",
      "type": "Microsoft.Web/serverfarms",
      "location": "[resourceGroup().location]",
      "apiVersion": "2015-08-01",
      "sku": {
        "name": "[parameters('hostingplanSkuName')]"
      },
      "properties": {
        "name": "[parameters('hostingplanName')]",
        "numberOfWorkers": 1
      }
    },
    {
      "name": "[parameters('webappName')]",
      "type": "Microsoft.Web/sites",
      "location": "[resourceGroup().location]",
      "apiVersion": "2015-08-01",
      "dependsOn": [
        "[resourceId('Microsoft.Web/serverfarms', parameters('hostingplanName'))]"
      ],
      "properties": {
        "name": "[parameters('webappName')]",
        "serverFarmId": "[resourceId('Microsoft.Web/serverfarms', parameters('hostingplanName'))]"
      }
    }
  ]
}
