<?xml version="1.0"?>
<doc>
    <assembly>
        <name>PictureAPI</name>
    </assembly>
    <members>
        <member name="M:PictureAPI.Controllers.ProductsController.Get(System.String)">
            <summary>
            Returns the specified contact.
            </summary>
            <param name="id">The ID of the contact.</param>
            <returns>A contact record with an HTTP 200, or null HTTP 404.</returns>
            <response code="200">OK</response>
            <response code="404">Not Found</response>
        </member>
    </members>
</doc>
