{
  "$schema": "https://schema.management.azure.com/schemas/2015-01-01/deploymentTemplate.json#",
  "contentVersion": "1.0.0.0",
  "parameters": {
    "sqlserverAdminLogin": {
      "type": "string",
      "minLength": 1,
      "defaultValue": "ProductsDBAdmin"
    },
    "sqlserverAdminLoginPassword": {
      "type": "securestring"
    },
    "productcatalogdbName": {
      "type": "string",
      "minLength": 1,
      "defaultValue": "ProductsDB"
    },
    "productcatalogdbCollation": {
      "type": "string",
      "minLength": 1,
      "defaultValue": "SQL_Latin1_General_CP1_CI_AS"
    },
    "productcatalogdbEdition": {
      "type": "string",
      "defaultValue": "Basic",
      "allowedValues": [
        "Basic",
        "Standard",
        "Premium"
      ]
    },
    "productcatalogdbRequestedServiceObjectiveName": {
      "type": "string",
      "defaultValue": "Basic",
      "allowedValues": [
        "Basic",
        "S0",
        "S1",
        "S2",
        "P1",
        "P2",
        "P3"
      ],
      "metadata": {
        "description": "Describes the performance level for Edition"
      }
    }
  },
  "variables": {
    "sqlserverName": "[concat('sqlserver', uniqueString(resourceGroup().id))]"
  },
  "resources": [
    {
      "name": "[variables('sqlserverName')]",
      "type": "Microsoft.Sql/servers",
      "location": "[resourceGroup().location]",
      "apiVersion": "2014-04-01-preview",
      "dependsOn": [],
      "tags": {
        "displayName": "sqlserver"
      },
      "properties": {
        "administratorLogin": "[parameters('sqlserverAdminLogin')]",
        "administratorLoginPassword": "[parameters('sqlserverAdminLoginPassword')]"
      },
      "resources": [
        {
          "name": "AllowAllWindowsAzureIps",
          "type": "firewallrules",
          "location": "[resourceGroup().location]",
          "apiVersion": "2014-04-01-preview",
          "dependsOn": [
            "[resourceId('Microsoft.Sql/servers', variables('sqlserverName'))]"
          ],
          "properties": {
            "startIpAddress": "0.0.0.0",
            "endIpAddress": "255.255.255.255"
          }
        },
        {
          "name": "[parameters('productcatalogdbName')]",
          "type": "databases",
          "location": "[resourceGroup().location]",
          "apiVersion": "2014-04-01-preview",
          "dependsOn": [
            "[resourceId('Microsoft.Sql/servers', variables('sqlserverName'))]"
          ],
          "tags": {
            "displayName": "productcatalogdb"
          },
          "properties": {
            "collation": "[parameters('productcatalogdbCollation')]",
            "edition": "[parameters('productcatalogdbEdition')]",
            "maxSizeBytes": "1073741824",
            "requestedServiceObjectiveName": "[parameters('productcatalogdbRequestedServiceObjectiveName')]"
          }
        }
      ]
    }
  ]
}
