{ "swagger": "2.0", "info": { "version": "v1", "title": "PictureAPI" }, "host": "localhost:2474",
    "schemes": [ "http" ],
    "paths": {
        "/api/uploadpicture/{id}": {
            "post": {
                "tags": [ "PicturesApi" ],
                "operationId": "PicturesApi_PostPictureByid",
                "consumes": [ ],
                "produces": [ "application/json", "text/json", "application/xml", "text/xml" ],
                "parameters": [
                    { "name": "id", "in": "path", "required": true, "type": "string" }
                ],
                "responses": { "200": { "description": "OK", "schema": { "$ref": "#/definitions/BlobUploadedImageModel" } } },
                "deprecated": false
            }
        },
        "/api/{id}/picture": {
            "get": {
                "tags": [ "PicturesApi" ],
                "operationId": "PicturesApi_GetPictureByid",
                "consumes": [ ],
                "produces": [ "application/json", "text/json", "application/xml", "text/xml" ],
                "parameters": [ { "name": "id", "in": "path", "required": true, "type": "string" } ],
                "responses": { "200": { "description": "OK", "schema": { "$ref": "#/definitions/Object" } } },
                "deprecated": false
            }
        },
        "/api/products/{skipTo}/{count}": {
            "get": {
                "tags": [ "Products" ],
                "operationId": "Products_GetByskipTocount",
                "consumes": [ ],
                "produces": [ "application/json", "text/json", "application/xml", "text/xml" ],
                "parameters": [
                    {
                        "name": "skipTo",
                        "in": "path",
                        "required": true,
                        "type": "integer",
                        "format": "int32"
                    },
                    { "name": "count", "in": "path", "required": true, "type": "integer", "format": "int32" }
                ],
                "responses": { "200": { "description": "OK", "schema": { "type": "array", "items": { "$ref": "#/definitions/Product" } } } },
                "deprecated": false
            }
        },
        "/api/Products": {
            "get": {
                "tags": [ "Products" ],
                "operationId": "Products_Get",
                "consumes": [ ],
                "produces": [ "application/json", "text/json", "application/xml", "text/xml" ],
                "responses": {
                    "200": {
                        "description": "OK",
                        "schema": { "type": "array", "items": { "$ref": "#/definitions/Product" } }
                    }
                },
                "deprecated": false
            }
        },
        "/api/Products/{id}": {
            "get": {
                "tags": [ "Products" ],
                "operationId": "Products_GetByid",
                "consumes": [ ],
                "produces": [ "application/json", "text/json", "application/xml", "text/xml" ],
                "parameters": [
                    { "name": "id", "in": "path", "required": true, "type": "string" }
                ],
                "responses": {
                    
                    "200": { "description": "OK" },
                    "404": { "description": "NotFound" }
                },
                "deprecated": false
            }
        }
    },
    "definitions": {
        "BlobUploadedImageModel": {
            "type": "object",

            "properties": {
                "FileName": { "type": "string" },
                "FileUrl": { "type": "string" },
                "FileSizeInBytes": { "format": "int64", "type": "integer" },
                "FileSizeInKb": { "format": "int64", "type": "integer", "readOnly": true }
            }
        },
        "Object": { "type": "object", "properties": { } },
        "Product": {
            "type": "object",
            "properties": {
                "Id": { "type": "string" },
                "Category": { "type": "string" },
                "SubCategory": { "type": "string" },
                "Name": { "type": "string" },
                "ImagePath": { "type": "string" },
                "Description": { "type": "string" },
                "Price": { "format": "double", "type": "number" },
                "ProductSpecifications": { "type": "array", "items": { "$ref": "#/definitions/ProductSpecification" } },
                "GroupNumber": { "type": "string" },
                "Brand": { "type": "string" },
                "ProductColor": { "type": "string" }
            }
        },
        "ProductSpecification": { "type": "object", "properties": { "Id": { "format": "int32", "type": "integer" },
            "Name": { "type": "string" },
            "Value": { "type": "string" }, 
            "AllowComparision": { "type": "boolean" }, "AllowFiltering": { "type": "boolean" } } }
    }}