{
  "$schema": "https://schema.management.azure.com/schemas/2015-01-01/deploymentTemplate.json#",
  "contentVersion": "1.0.0.0",
  "parameters": {
    "Planname": {
      "defaultValue": "plan1",
      "type": "string"
    },
    "sitesname": {
      "defaultValue": "igorapiapp2",
      "type": "string"
    }
  },
  "resources": [
    {
      "type": "Microsoft.Web/serverfarms",
      "sku": {
        "name": "S1",
        "tier": "Standard",
        "size": "S1",
        "family": "S",
        "capacity": 1
      },
      "kind": "app",
      "name": "[parameters('Planname')]",
      "apiVersion": "2015-08-01",
      "location": "[resourceGroup().location]",
      "properties": {
        "name": "[parameters('Planname')]",
        "numberOfWorkers": 1
      }
    },
    {
      "type": "Microsoft.Web/sites",
      "kind": "api",
      "name": "[parameters('sitesname')]",
      "apiVersion": "2015-08-01",
      "location": "[resourceGroup().location]",
      "properties": {
        "name": "[parameters('sitesname')]",
        "serverFarmId": "[resourceId('Microsoft.Web/serverfarms', parameters('Planname'))]"
      },
      "dependsOn": [
        "[resourceId('Microsoft.Web/serverfarms', parameters('Planname'))]"
      ]
    }
  ]
}